{
  "Base(Qwen/Qwen2.5-32B-Instruct)": {
    "0.1": {
      "n_samples": 533,
      "mean_diameter": 167.58383623878237,
      "median_diameter": 163.41314125061035,
      "std_diameter": 103.41270262653262,
      "cycle_ratio": 0.7823639774859287,
      "mean_loop_count": 1.8930581613508444,
      "mean_small_world": 0.023480330583851045,
      "mean_avg_path_len": 73.71553324240975
    },
    "0.3": {
      "n_samples": 533,
      "mean_diameter": 404.7304830765858,
      "median_diameter": 386.3209533691406,
      "std_diameter": 254.02264577170698,
      "cycle_ratio": 0.7861163227016885,
      "mean_loop_count": 2.1332082551594747,
      "mean_small_world": 0.010447233559243877,
      "mean_avg_path_len": 179.23870802189617
    },
    "0.5": {
      "n_samples": 533,
      "mean_diameter": 573.6757540783336,
      "median_diameter": 570.7603492736816,
      "std_diameter": 357.6559854268905,
      "cycle_ratio": 0.7711069418386491,
      "mean_loop_count": 1.8161350844277673,
      "mean_small_world": 0.006499961146654125,
      "mean_avg_path_len": 251.45621630236693
    },
    "0.7": {
      "n_samples": 533,
      "mean_diameter": 829.7751914591548,
      "median_diameter": 794.5014801025391,
      "std_diameter": 513.5832918857766,
      "cycle_ratio": 0.776735459662289,
      "mean_loop_count": 1.4896810506566605,
      "mean_small_world": 0.004455193546408,
      "mean_avg_path_len": 347.2633348560091
    },
    "0.9": {
      "n_samples": 533,
      "mean_diameter": 1773.9491065707036,
      "median_diameter": 1747.9290924072266,
      "std_diameter": 1145.3786677924381,
      "cycle_ratio": 0.7636022514071295,
      "mean_loop_count": 1.870544090056285,
      "mean_small_world": 0.0023080758511440725,
      "mean_avg_path_len": 772.0989898811308
    }
  },
  "s1-v1.0": {
    "0.1": {
      "n_samples": 533,
      "mean_diameter": 38.57437637308525,
      "median_diameter": 36.72000503540039,
      "std_diameter": 24.381171749051735,
      "cycle_ratio": 0.7898686679174484,
      "mean_loop_count": 2.020637898686679,
      "mean_small_world": 0.10322071093665551,
      "mean_avg_path_len": 17.11955486375704
    },
    "0.3": {
      "n_samples": 533,
      "mean_diameter": 151.30465890989964,
      "median_diameter": 152.69510078430176,
      "std_diameter": 92.39488035567643,
      "cycle_ratio": 0.7842401500938087,
      "mean_loop_count": 1.7579737335834897,
      "mean_small_world": 0.024822336525792184,
      "mean_avg_path_len": 65.78133398578296
    },
    "0.5": {
      "n_samples": 533,
      "mean_diameter": 220.07837589865107,
      "median_diameter": 207.64598655700684,
      "std_diameter": 139.7462179700895,
      "cycle_ratio": 0.7654784240150094,
      "mean_loop_count": 1.7560975609756098,
      "mean_small_world": 0.017573553254609877,
      "mean_avg_path_len": 95.74930433846009
    },
    "0.7": {
      "n_samples": 533,
      "mean_diameter": 358.84956462208817,
      "median_diameter": 345.46215057373047,
      "std_diameter": 228.57888657108026,
      "cycle_ratio": 0.776735459662289,
      "mean_loop_count": 1.401500938086304,
      "mean_small_world": 0.01052527557371776,
      "mean_avg_path_len": 150.52976170143137
    },
    "0.9": {
      "n_samples": 533,
      "mean_diameter": 651.3705762108092,
      "median_diameter": 621.0454788208008,
      "std_diameter": 433.46537163069723,
      "cycle_ratio": 0.801125703564728,
      "mean_loop_count": 1.9606003752345216,
      "mean_small_world": 0.005613887989829239,
      "mean_avg_path_len": 292.72231930049253
    }
  },
  "s1-v1.1": {
    "0.1": {
      "n_samples": 533,
      "mean_diameter": 171.48493236806559,
      "median_diameter": 166.5017671585083,
      "std_diameter": 105.8118066241036,
      "cycle_ratio": 0.7804878048780488,
      "mean_loop_count": 2.0356472795497185,
      "mean_small_world": 0.02361294672326022,
      "mean_avg_path_len": 75.3922801581709
    },
    "0.3": {
      "n_samples": 533,
      "mean_diameter": 405.0165422020889,
      "median_diameter": 397.9395408630371,
      "std_diameter": 250.63651166038895,
      "cycle_ratio": 0.7898686679174484,
      "mean_loop_count": 2.1857410881801127,
      "mean_small_world": 0.009797220286891832,
      "mean_avg_path_len": 180.24562611443272
    },
    "0.5": {
      "n_samples": 533,
      "mean_diameter": 582.2792055512906,
      "median_diameter": 566.6674194335938,
      "std_diameter": 371.61679066697826,
      "cycle_ratio": 0.7542213883677298,
      "mean_loop_count": 1.9474671669793622,
      "mean_small_world": 0.006571344888988935,
      "mean_avg_path_len": 256.1447299623419
    },
    "0.7": {
      "n_samples": 533,
      "mean_diameter": 846.9044291941802,
      "median_diameter": 836.9812088012695,
      "std_diameter": 543.0111696718573,
      "cycle_ratio": 0.7673545966228893,
      "mean_loop_count": 1.4296435272045027,
      "mean_small_world": 0.005010367552788821,
      "mean_avg_path_len": 354.2354689395443
    },
    "0.9": {
      "n_samples": 533,
      "mean_diameter": 1682.8281467430588,
      "median_diameter": 1635.8891906738281,
      "std_diameter": 1139.2687480922743,
      "cycle_ratio": 0.7711069418386491,
      "mean_loop_count": 1.9118198874296435,
      "mean_small_world": 0.0021826713409820275,
      "mean_avg_path_len": 739.6358348102364
    }
  }
}